lat,lng
50.04978873,25.32186981
48.30431401,37.272353
49.40065601,36.867241
48.98375001,37.816651
49.51706933,37.7203279
49.74535514,36.96350369
49.75223895,36.92604396
51.69987311,34.13844694
48.47643661,37.6935044
48.01398921,37.3138213
49.45762301,36.905906
49.72713002,37.60912999
50.4246615,35.484
50.41027381,35.39515
49.03176001,37.14122
49.04885881,37.1138854
48.89297002,37.03810002
49.72752198,36.82645115
46.47929999,30.70901998
47.3729672,31.80114748
47.02890997,32.54144348
48.98022223,37.8035
47.99147223,37.19083333
49.71675202,36.93714
49.26609739,37.62144
49.30232101,37.83536
49.58036501,36.975304
49.26335867,37.8481806
49.52872824,37.57029323
51.39626471,34.15331835
50.23925301,36.238209
49.71870801,36.7941637
49.71881731,36.7931542
49.02142301,37.178364
48.97853801,37.809571
47.98613501,37.023811
50.910561,34.80566
50.00588501,36.21565498
48.97794445,37.82141667
50.12242127,36.09531214
51.18391244,35.08834
48.23211112,37.542
48.59369445,37.65777778
48.92095532,37.02552511
50.3146771,35.9303373
49.76570676,37.03770329
49.53163242,37.52489119
47.99699901,37.239279
49.46340457,35.97709216
49.46483801,36.623174
49.33227804,36.87305218
49.70190403,37.64711099
50.20641283,30.66898
50.46039558,30.17129477
49.38474501,36.914995
50.20641283,30.66898
51.18391244,35.08834
48.93830741,36.23060305
50.19120528,36.8522105
49.4847574,37.52836123
49.31568789,37.85281945
49.09168364,37.48331
50.09026314,36.39743114
49.57544875,37.42312208
50.46098609,29.81188
48.02887901,36.956955
47.88847291,37.3058397
49.78199149,34.60659
50.50017262,30.75284926
50.54461559,30.24236511
49.39824161,36.928081
49.57446201,36.972661
49.22399738,37.27463348
49.99965176,36.54119
50.63164557,30.87281508
49.77094549,37.0407932
49.84478233,35.6954
49.46646102,37.62047
50.25626105,36.08935
49.78508103,34.53854
50.21016122,36.42085927
49.93036002,36.42770996
49.22205122,37.82257
50.26341151,36.17738
49.39815724,36.87150833
49.38375201,37.0558803
49.27379123,36.53507
49.76682202,37.56943
49.39714261,36.86602
49.24236328,36.93117
48.38262201,37.896639
49.37758318,37.62599
49.19169839,37.27944
49.09168364,37.48331
48.50533334,37.67563889
49.5915373,36.7868756
49.39815724,36.87150833
50.10869855,36.26275283
49.31049158,37.85587353
49.29918674,37.8406815
49.26337251,37.81950761
50.20501801,36.278967
49.56497145,37.70435038
50.94618388,31.98432
50.88323391,32.00614
49.71782221,36.98094598
50.63306106,30.87539
49.45644293,36.84522867
48.72175501,37.529206
49.52278549,37.57601527
50.584981,30.235748
48.34410341,30.24797626
48.36539877,30.50641533
47.853748,35.157139
49.72536103,36.93006
49.37113102,36.58019
49.86676863,37.09354311
49.22873003,37.24660002
49.71392168,36.93314887
46.304061,33.783147
49.38648701,32.038232
49.35249245,36.79730417
49.47937301,36.597594
49.36665941,36.9828863
47.66449363,35.63864916
49.37172284,37.06563147
49.3798893,37.62724526
50.15811291,36.15340165
49.72790529,36.90873004
50.04773243,36.6769346
49.75314784,37.64072815
50.16058112,36.82415763
49.17408001,37.43647
48.90006576,33.45002
49.37216141,36.9435262
50.30741111,36.15621742
48.3036,32.16
49.76529096,36.99907948
50.18822485,36.24801657
49.34038101,37.85951483
49.76662799,37.57479442
50.910561,34.80566
49.21602001,37.25574996
49.70527008,36.90174557
49.73325951,36.84892335
49.72907086,36.85990968
49.88029007,36.92876632
50.89132107,29.7124
50.31126432,35.82658568
49.6863717,37.66672531
49.70093072,37.66558085
49.21798465,37.78544057
49.39425644,36.8727434
49.13870001,37.225152
48.89424,37.01318003
50.60060208,30.75764
50.34998004,30.18858
50.910561,34.80566
50.910561,34.80566
49.42421801,37.052025
49.12428901,37.707647
49.81758002,36.05526998
50.23641142,36.21130909
50.23443501,36.23671497
49.17767153,36.85838782
50.2308927,35.95050094
49.38626671,36.8910864
49.13125001,37.23175
47.84776002,35.19049499
49.38585121,36.889758
49.5329548,37.72847646
50.35164326,30.95076
50.910561,34.80566
47.65422311,35.65873
49.17918601,37.394856
49.83626175,36.72362
49.33865123,37.66478
50.43034178,30.28385
50.21393943,36.15715
49.65672401,36.730098
49.66238901,36.735721
50.25186656,35.85556
49.14186001,37.24351
49.62075752,37.70796989
50.29689002,36.93789
50.0480637,36.27625903
49.85951125,36.83577946
48.37802779,37.90875
50.34878178,30.4544
49.40351001,37.081994
50.584981,30.235748
50.584981,30.235748
50.08476161,36.3804367
49.13351861,37.3898827
51.36551593,33.89963125
49.40981301,37.070023
49.26774123,37.80968
49.27192193,37.61217029
49.29046301,36.798881
49.47689001,36.89333
49.38891301,36.874842
49.38316401,36.895366
49.05467501,37.114632
50.11090034,36.27536994
49.82657203,37.61248
49.62291912,36.74441244
49.62157721,36.746234
49.15070619,37.07738381
49.76695413,37.03633
47.97297117,35.85203
49.39177618,27.12446505
49.97349204,36.49574
49.73126232,36.84961
49.77668546,36.81364
51.503653,31.293167
49.08666321,37.3509608
50.04302456,36.29124688
50.46061207,31.4408
49.75054174,37.05624272
49.4333333,32.0666667
51.38867214,31.20363
49.32444032,37.52424696
49.34428481,37.7702949
49.41076303,37.72876254
49.05435901,37.106641
49.49767801,36.84407
50.0347643,36.28392109
51.69693319,34.13962
50.17603764,36.27657451
50.51092343,29.80774
49.69508261,36.8043886
49.69849681,36.8098764
50.46098609,29.81188
49.15955001,37.04295
50.02411062,36.33831502
49.68089392,36.86610493
49.71366055,36.85240075
49.7565649,37.58316291
49.76615676,37.57015956
50.55200299,30.21474
50.07005861,36.3722456
49.38891301,36.874842
49.01883334,37.75886111
50.93214457,29.91233987
50.75813315,31.01438684
49.03080601,37.140188
48.99189879,37.07975342
49.57230001,37.68772999
49.71488951,36.9063401
50.2425602,36.94467992
49.16233741,36.89194762
49.19911001,37.20878
49.20827301,37.208135
50.22833462,30.23295
50.01959858,36.13506202
51.503653,31.293167
51.79664187,34.3193
49.65973478,37.71469709
49.03920201,37.126899
49.65371101,36.743352
49.66189301,36.753169
48.3829595,31.18224366
49.34287658,37.66478
48.3829595,31.18224366
47.853748,35.157139
50.25626105,36.08935
49.74712298,36.95999
48.3829595,31.18224366
49.74712298,36.95999
49.39642301,37.205646
50.55942468,30.82308821
48.3829595,31.18224366
50.56789272,30.10125
49.71532001,36.83095
49.19059401,36.8861612
49.63345593,37.68814674
49.74712298,36.95999
49.74712298,36.95999
50.25123236,36.94895
50.584981,30.235748
50.10674301,30.6256
50.10674301,30.6256
50.584981,30.235748
51.45525355,31.19389
50.91443242,29.94979
50.083301,36.24572929
48.13373101,37.073686
49.72745556,36.92830047
49.26741357,37.6029864
49.34258867,37.56745347
50.8572013,30.59707
49.64004166,36.79559873
49.17502873,37.43499894
50.67381209,30.06728
50.46098609,29.81188
50.70433441,30.29361782
49.78819361,36.10049215
49.80613765,36.73200666
49.47030355,36.78756359
50.77265274,30.66303
49.24009146,37.72028
49.23212096,37.74202377
49.13225803,37.24162161
51.1601918,31.86507
50.07586058,36.87159313
50.1160911,36.11977658
50.51871679,30.2395
50.48436382,29.64025
49.20381298,37.27875335
50.40552342,29.89151
50.48436382,29.64025
50.26253601,36.175787
49.13338122,37.23342
51.60107753,31.23062157
49.30421228,37.64582
49.4166667,27
50.584981,30.235748
49.62818708,36.39662219
49.21402,37.28790001
49.55326991,36.62697684
49.8106551,36.34793764
49.40102779,32.11580556
51.46124329,31.30539633
48.40292901,37.909401
49.1476998,37.2554731
50.59135849,30.20734375
50.48436382,29.64025
49.54888869,37.43037
49.21628001,37.26084004
50.52232718,30.79464937
50.69697959,29.5869
50.67759243,30.30553511
49.35151656,37.75473094
51.34567088,32.87794
51.503653,31.293167
50.48807736,29.63784674
49.37758318,37.62599
48.9166667,24.7166667
50.28053003,36.93677001
50.47997617,30.21987927
50.80809965,29.5480124
49.62478748,36.34343
48.28138901,37.190706
50.20978358,36.42087
50.03692026,36.2685
50.9229301,30.35093499
48.779501,29.8546
48.88837221,31.52929103
50.18218401,30.31202
50.59192376,30.90444
50.89132107,29.7124
50.584981,30.235748
46.4666667,30.7333333
51.54514158,33.82055
50.584981,30.235748
50.584981,30.235748
50.60119208,30.31927
46.4666667,30.7333333
50.584981,30.235748
50.13473506,30.73936
51.503653,31.293167
50.6010158,30.70317185
50.49907728,30.17364918
49.71619001,36.8195
48.38149091,37.9071745
50.93503348,32.13391
50.584981,30.235748
50.05518965,35.8978999
48.95167001,37.836418
49.52867464,26.7365446
51.503653,31.293167
50.4981883,31.25028
50.57688003,30.26499
50.46536002,29.80504999
50.47819382,29.96191
50.69015345,29.99471
50.46098609,29.81188
51.61622216,34.0305
51.57008198,34.12458
50.5610196,30.32702016
50.62755469,29.87616
50.28719066,36.92121987
51.503653,31.293167
50.6310318,30.87373
51.503653,31.293167
49.40497223,31.89566667
51.503653,31.293167
50.4217073,30.24289062
50.81714428,29.5903
50.9467213,30.43659
49.23777286,26.70331333
50.33831127,29.72029
49.87343175,30.08462
50.85274274,30.39791
50.55731179,30.33217
45.44340128,29.26467
49.63123226,37.67029396
46.61301267,30.77231
50.10790588,36.35894086
49.36467277,37.60985383
50.28541859,36.92506079
49.74304103,36.54548
51.503653,31.293167
50.584981,30.235748
50.29399767,36.93624
50.584981,30.235748
50.72929565,30.02444
50.48436382,29.64025
50.51092343,29.80774
50.45571238,29.86967
49.19947801,26.857474
50.54040354,30.2632586
50.51950002,30.25424
48.24800001,37.59547222
50.55200299,30.21474
50.57693468,30.11446
51.503653,31.293167
50.48436382,29.64025
49.33944001,36.81792
50.07469607,29.91569
50.15973734,37.39683995
49.39157319,32.07947696
50.45571238,29.86967
50.10144651,36.77131671
51.503653,31.293167
49.6701389,32.03555556
50.07469607,29.91569
50.29658178,31.36553
51.503653,31.293167
49.4166667,27
50.56433179,30.81914
50.20487708,37.11423
49.65434119,30.46635
50.56841561,30.2651
50.45782271,30.16955
50.9169713,30.34938
50.40873178,30.25897
50.8481367,30.05811
48.15009313,24.75832876
51.30755279,32.77063
48.0929972,24.59652948
49.4166667,27
48.37711931,37.9055716
49.4333333,32.0666667
50.44360263,30.15134667
51.61361159,31.19989
49.51536388,36.75528102
50.15161418,29.76913
50.584981,30.235748
50.584981,30.235748
50.40848965,35.84032658
50.56841561,30.2651
50.67324107,30.30914
50.48660306,29.71549
48.3036,32.16
49.35388355,37.64590272
50.33269,36.19571003
46.20105004,29.65399
50.13981151,31.40427
47.003527,33.745283
50.56081344,29.65111
49.56016984,30.50601
50.07469607,29.91569
49.40758334,32.08633333
49.57875961,36.7950432
50.5624262,30.2435835
50.84785509,29.73925313
51.59409382,31.40418254
51.50870553,31.35140158
49.87141229,36.93917329
50.84937244,29.73084172
51.57856945,31.43323016
49.412417,37.046087
50.584981,30.235748
49.84482059,36.691
50.584981,30.235748
51.503653,31.293167
50.56433179,30.81914
46.4666667,30.7333333
50.910561,34.80566
50.89888107,32.05409
50.88323391,32.00614
51.503653,31.293167
50.27904178,30.29148
49.92195906,36.9110971
48.98532177,37.12979416
50.78398723,30.31239
50.51447179,30.06159
50.51293306,30.05892
37.92850801,48.406641
50.584981,30.235748
50.584981,30.235748
49.86388842,36.92235048
50.584981,30.235748
50.584981,30.235748
46.4758889,30.73133333
45.41290074,28.4517
49.84061101,32.338361
50.41489128,29.9678
48.9166667,24.7166667
50.584981,30.235748
50.58883021,30.89873711
50.54162155,30.1594
50.62237834,30.44451
49.47743586,36.94425779
49.89809715,37.0003038
50.6034518,30.31637
49.67672223,32.05125
50.84450154,29.54314
50.44537179,30.17091
49.27589062,24.61525556
50.46930002,29.80773002
50.51092343,29.80774
50.40552342,29.89151
50.31900178,30.38084
50.59736562,30.70918
45.9912413,29.69234
49.98029501,30.56395501
50.30002003,36.95850002
50.45305004,30.22663
49.15166145,37.0789
50.62237834,30.44451
50.08389939,36.38675
48.37425001,37.89452778
51.36373834,31.43303658
49.1864955,37.23225458
49.47438268,37.30266377
50.99323621,29.76839
49.48347263,37.3136501
51.503653,31.293167
49.69545498,30.17511
51.503653,31.293167
50.27226303,30.3558
51.503653,31.293167
50.48817238,30.3356
50.6034518,30.31637
50.8572013,30.59707
50.92471168,32.38327269
50.67381209,30.06728
45.98633033,29.33813
50.83188946,30.56985623
46.4666667,30.7333333
50.584981,30.235748
50.21238596,35.95925567
50.43424466,30.33065
51.503653,31.293167
50.62770027,30.87129
50.89651107,29.50009
50.40552342,29.89151
48.81422223,29.96905556
50.45571238,29.86967
51.40802608,31.29497385
51.05059276,29.78076
51.00535441,29.5247284
51.33028011,31.20873508
50.89651107,29.50009
50.31816606,31.06032
45.32367286,28.4499
46.57975001,30.55886111
50.17997592,27.06513
50.01825001,31.94986111
50.08389939,36.38675
49.01507215,24.58506251
48.32690701,37.875729
50.62554834,30.91261
50.31120509,31.46712
50.88323391,32.00614
50.32150151,31.31768
51.38896241,31.28904713
50.41738026,29.79073
46.49769999,30.72352998
50.60119208,30.31927
49.51686022,31.80832812
49.30611112,31.40627778
49.54321941,36.75374495
49.90315502,36.01231001
49.60382683,36.80669959
50.29938526,36.95798715
48.98057736,37.08198502
48.3036,32.16
51.503653,31.293167
50.93841904,29.90822
50.35607026,30.02988
51.503653,31.293167
51.503653,31.293167
50.46098609,29.81188
49.09691668,31.28802778
49.33732329,37.6064
50.50590619,30.77631
50.49187423,31.37822
50.50224144,30.77405
49.58908916,36.79511534
50.46098609,29.81188
51.19664574,29.61632
50.27432463,30.32581
50.30272001,36.94353002
49.77594445,32.50716667
50.51092343,29.80774
50.46098609,29.81188
50.40552342,29.89151
50.584981,30.235748
50.584981,30.235748
48.18263219,30.86175
50.08576002,36.24016002
50.18218401,30.31202
51.1307901,30.08975
48.23523939,30.87768
48.34052519,30.60785
49.44156862,32.08176787
51.503653,31.293167
50.56759955,31.51055
50.97657276,30.81281
51.47154247,31.20998
49.7472339,36.93252418
50.55200299,30.21474
50.89132107,29.7124
46.38717405,30.71387659
50.54626908,29.80056
49.51708334,31.90511111
50.41580207,29.59757
50.34066999,29.715615
48.3036,32.16
50.08576002,36.24016002
51.503653,31.293167
50.40456511,30.20311
50.68449345,30.39401
50.55490179,30.94669
49.92480149,31.11643
50.2996177,36.96825485
50.48856,30.25484999
52.33775087,33.29218
50.88724889,29.98735169
50.5985621,31.09723674
50.59556,30.21250998
50.55252524,29.72067872
47.27922223,30.29522222
50.66185834,29.81108332
50.18016512,37.51369498
49.6841091,37.61602956
50.35733862,30.95007335
49.43775666,27.03629908
50.83539002,29.64387999
50.98726182,29.98243
51.503653,31.293167
50.40552342,29.89151
50.33831127,29.72029
50.30368838,36.9453166
49.66293642,36.7544
50.66626515,29.81074
48.74805573,32.51121
50.46098609,29.81188
50.99323621,29.76839
50.8572013,30.59707
50.5466501,30.29168506
50.37204398,30.83589634
50.99323621,29.76839
50.34071178,30.42356
50.16512603,30.57811
50.51092343,29.80774
50.87361774,32.40415943
47.90830301,36.899539
50.1662494,36.82420346
50.16662051,36.82649943
50.62237834,30.44451
50.63306106,30.87539
50.584981,30.235748
51.47591321,31.30135302
50.68449345,30.39401
50.90910182,30.33296
50.18949177,37.09788
50.90910182,30.33296
50.33305152,30.36868
50.65630351,29.79575752
50.08428491,36.36220242
51.01633674,30.02151
49.31880557,31.992
50.8572013,30.59707
50.54626908,29.80056
50.07401731,29.9199
32.01800501,50.868791
50.584981,30.235748
50.46598179,30.0274
50.62547208,30.20929
50.584981,30.235748
51.503653,31.293167
50.64638379,29.94203
51.503653,31.293167
50.81576107,29.63977
49.77933201,36.82205141
50.55480094,30.21467037
50.54346299,30.21201
49.99255337,30.55766
51.503653,31.293167
50.89017181,29.71614
50.64638379,29.94203
50.584981,30.235748
49.88772125,29.85495
50.39192949,30.36727
50.40552342,29.89151
50.51092343,29.80774
50.38417026,30.37059
50.38417026,30.37059
49.86286374,29.78789
50.61094002,30.47760502
50.607065,30.47237501
50.38766002,30.34049997
50.27423269,30.32706
50.61189208,30.47374
51.503653,31.293167
50.45735174,29.87018498
50.95423211,29.47874
46.43097223,30.6135
50.58085453,30.26322
50.11006306,30.62652
50.24149185,36.3887771
52.01554459,33.25148138
51.503653,31.293167
50.96406773,29.75584212
50.5747044,30.23695326
50.46866128,30.99191
48.96908334,31.23347222
51.1601918,31.86507
51.38867214,31.20363
51.3861828,31.39995
50.55002001,30.22930002
50.62237834,30.44451
50.584981,30.235748
50.584981,30.235748
50.41470014,29.8012
49.41571001,32.09402999
50.95423211,29.47874
50.58085453,30.26322
50.45571238,29.86967
50.40552342,29.89151
50.5093951,29.80979994
50.63306106,30.87539
50.51092343,29.80774
50.52928,30.85382
51.44369969,31.17535057
50.15543177,36.73629
50.15543177,36.73629
48.95191668,31.38866667
50.28753519,36.91001372
50.85274274,30.39791
50.63306106,30.87539
51.503653,31.293167
50.50029001,30.14724002
49.41988501,32.08691999
49.16510547,31.38273305
50.71329209,30.53957
50.07134,36.21314003
50.48478956,29.87200978
48.4161915,25.60288557
50.87576362,32.01070372
50.50358084,30.1485
50.41470014,29.8012
48.32942851,37.8511831
50.68831002,30.00164003
50.78363501,30.30829498
50.58351001,29.78095504
50.67381209,30.06728
50.59192376,30.90444
50.08389939,36.38675
50.45571238,29.86967
49.64249231,31.97997
50.55200299,30.21474
50.54162155,30.1594
50.54162155,30.1594
49.64147223,31.98269444
51.503653,31.293167
51.503653,31.293167
50.17817177,30.4526
50.5644,30.31328725
49.88772125,29.85495
48.75700001,30.05402778
50.51871679,30.2395
50.4981883,31.25028
48.87805557,38.03277778
50.55325002,30.21775001
50.79402,30.35288
50.56523738,31.15806805
50.84578896,29.68755598
50.78398723,30.31239
50.37477502,30.22922999
50.10221992,36.42945307
51.03254381,29.67837067
48.39495401,37.915242
50.45190179,29.94825
48.90405557,30.28925
49.32197223,31.90991667
49.44177779,31.93994444
51.49374529,31.29441
48.32850001,37.82213889
50.46098609,29.81188
50.56166,30.26055002
50.45571238,29.86967
50.51092343,29.80774
50.44746128,30.22674
50.35426001,30.37580002
50.68449345,30.39401
50.45571238,29.86967
50.44746128,30.22674
50.55208344,29.83293
50.35829465,30.39622
50.63854834,30.02227
50.39391099,30.36990335
51.503653,31.293167
50.24194379,30.42997
46.60439853,31.03036582
50.18218401,30.31202
50.37153085,30.36861
50.39041687,30.23243
50.39192949,30.36727
50.39192949,30.36727
50.34418341,30.32393
50.31912077,30.29728
51.503653,31.293167
51.96133403,31.15094
50.32150151,31.31768
50.54925306,29.73321
50.40365099,30.232718
50.36466001,30.40475999
50.68449345,30.39401
50.0037055,30.22448
48.81843297,30.67012262
50.77265274,30.66303
51.503653,31.293167
50.62554834,30.91261
50.57693468,30.11446
51.503653,31.293167
50.56841561,30.2651
49.38347732,32.18807811
50.29236999,36.98260997
50.51092343,29.80774
50.45571238,29.86967
50.45571238,29.86967
49.80813502,30.04542001
50.84450154,29.54314
50.97400108,30.00964
49.79014698,29.83646
50.46158,29.82303001
51.48590389,31.06808188
50.40732501,29.68480501
50.47459001,29.82513999
50.5107624,30.2268546
50.87167555,30.39971231
51.45525355,31.19389
50.2191,30.32042003
51.503653,31.293167
50.584981,30.235748
50.33069127,30.46836
50.32598557,30.46957
50.55200299,30.21474
49.71038987,31.55740934
51.503653,31.293167
50.29729995,36.94086026
51.503653,31.293167
50.71329209,30.53957
49.9690715,31.74342
49.77128002,30.13593501
50.68449345,30.39401
51.61366357,32.35984
49.30075146,30.33946
50.45571238,29.86967
49.31325362,37.31157032
50.8099878,30.13745
50.63055745,30.91363997
50.56841561,30.2651
50.28520003,36.96408999
51.503653,31.293167
50.38360607,29.9339
50.51871679,30.2395
51.503653,31.293167
50.1436563,36.86428123
49.50982173,30.56578
50.57911045,30.22751443
50.58085453,30.22270792
50.62602403,30.87231082
50.50358084,30.1485
50.68350052,30.39324
50.51826026,30.2497
50.21923177,30.11812
49.97130002,31.05042998
51.39328708,31.29689107
50.53062001,30.25347997
51.36831002,31.28611996
50.67408273,29.55797
50.53452003,30.23417997
50.51021503,29.81670503
50.60060208,30.75764
51.49574518,31.29900349
50.89132107,29.7124
50.44327559,29.96046
50.57947128,30.83383
50.51092343,29.80774
50.45571238,29.86967
51.503653,31.293167
50.45571238,29.86967
50.67381209,30.06728
50.56841561,30.2651
50.41767207,35.9578954
50.62554834,30.91261
50.63273516,30.92325301
50.56841561,30.2651
50.61175962,30.31961332
49.97622223,32.30752778
50.10180431,36.39064694
51.48750027,31.32225
50.60545999,30.453895
50.51092343,29.80774
50.72947667,30.24188
50.9467213,30.43659
50.72947667,30.24188
48.32193001,37.757366
51.1665801,29.61159
49.81655698,29.94814
50.58085453,30.26322
51.503653,31.293167
50.56325344,30.31278
50.89132107,29.7124
48.32842101,37.85966
51.503653,31.293167
50.51092343,29.80774
50.69015345,29.99471
50.54925306,29.73321
50.5758889,31.53566667
50.45571238,29.86967
50.45571238,29.86967
51.503653,31.293167
50.53367501,30.21505003
51.503653,31.293167
48.40168301,37.906476
50.31219178,30.07539
50.51092343,29.80774
50.55312179,29.83549
48.3036,32.16
51.37885802,31.28533386
50.44186501,30.309485
50.58307549,30.48582
50.75602181,30.35269
50.4782356,29.8648
50.4782356,29.8648
51.503653,31.293167
50.24030508,31.27496
48.39902779,37.84961111
50.37311001,29.79393999
50.98806626,29.77592102
50.56630002,30.27272004
50.51556943,29.81897578
50.6521318,30.25951
51.40767841,30.73990354
46.62159849,32.61035751
46.62216928,32.61091507
50.86684314,30.39543976
50.24194267,36.92832918
48.32354341,37.8505384
47.20017326,33.51111359
47.20256915,33.19754822
50.73172308,30.33104
50.4782356,29.8648
50.45636813,29.87138661
49.54946102,36.34897
50.17943585,30.33725422
50.51223339,29.81134489
50.45658671,29.87069997
50.56841561,30.2651
50.51447179,30.06159
50.55939179,30.08665
51.503653,31.293167
48.27965979,30.97578067
51.45899125,30.74144066
50.55208344,29.83293
51.54406429,31.44822937
49.03295127,37.11175038
49.03417519,37.13267161
49.03601804,37.13101937
49.03330298,37.11960388
49.033514,37.11947514
49.03191022,37.11037708
49.03233227,37.1109779
49.03224786,37.11917473
49.03252923,37.118531
49.02825228,37.10836006
49.4865254,36.3605
49.03157257,37.11042
49.03157257,37.11042
50.94014978,29.90753335
51.34202737,32.87823
51.503653,31.293167
48.76304771,30.03794137
50.39274617,30.15161
50.55200299,30.21474
49.69139151,30.47527485
49.83663299,29.65574
51.60265021,31.22585796
50.71544186,30.38729594
51.51313002,31.31282999
50.68449345,30.39401
50.564935,30.19686499
51.503653,31.293167
50.37066501,30.42076
50.41778178,30.0357
50.45571238,29.86967
50.584981,30.235748
50.54346299,30.21201
50.54346299,30.21201
50.51092343,29.80774
50.9467213,30.43659
50.92549182,29.65111
50.44401128,30.19929
50.68449345,30.39401
50.27177177,30.37104
50.4782356,29.8648
50.4782356,29.8648
50.4782356,29.8648
50.50334999,30.24447001
50.63778004,30.87949004
50.59994833,30.75884163
50.54559001,30.21989
51.50866,31.28820002
51.52099003,31.36219998
50.31556178,29.86756
51.503653,31.293167
51.503653,31.293167
46.4666667,30.7333333
46.47155556,30.69061111
50.42430942,30.11840339
50.49187423,31.37822
50.49536879,31.38027994
51.503653,31.293167
50.45782271,30.16955
50.45196,30.76832002
50.35382032,30.45285505
50.56418192,30.30830907
50.6769394,30.52736976
50.55615089,30.2142601
51.38867214,31.20363
51.96182361,31.42059
50.61373106,30.81227
50.69335107,29.75063
50.56841561,30.2651
48.84958144,29.96641
50.45571238,29.86967
50.58085453,30.26322
50.58884681,30.21032858
50.59618153,30.5689
50.39734997,30.79057613
51.503653,31.293167
49.39097223,32.05144444
50.55509468,30.64332997
49.04008334,30.82508333
50.67862353,29.83303649
50.89017181,29.71614
50.20910006,37.11204132
50.39183961,30.2355199
50.29399767,36.93624
48.33178701,37.844337
51.503653,31.293167
51.503653,31.293167
50.6034518,30.31637
50.62782654,30.20855514
50.59947469,30.17501
50.21297937,37.10341533
51.5329011,31.3676
50.50288002,30.245
50.60119208,30.31927
51.503653,31.293167
50.67446576,30.31001
50.79471861,30.04108
49.64065573,36.90139348
50.56630002,30.27272004
50.50224144,30.77405
48.91816668,30.22677778
48.73120287,30.10421
50.8572013,30.59707
50.62449165,31.31080454
50.49187423,31.37822
50.584981,30.235748
51.05095857,30.81233879
50.584981,30.235748
50.37488289,30.30831326
50.33682999,30.29610999
49.75191174,31.31411
50.65279524,30.25951
50.56433179,30.81914
49.44511112,31.40208333
50.50012003,31.02108997
50.59192376,30.90444
51.503653,31.293167
46.6397418,32.36967524
50.584981,30.235748
50.65294272,31.18349
50.45371055,30.22663
49.38618453,32.08570988
48.9278077,30.35449378
49.13333198,30.51744
51.503653,31.293167
50.39041687,30.23243
50.3711727,30.37003
51.45134483,31.07818
51.12484108,31.17381
50.56907326,30.2651
50.79471861,30.04108
50.584981,30.235748
51.503653,31.293167
50.5450627,30.15305
50.54793531,30.14039216
50.99323621,29.76839
50.28893206,30.83921
50.28893206,30.83921
50.59618153,30.5689
49.19322647,31.86826412
51.503653,31.293167
50.08389939,36.38675
51.503653,31.293167
50.60119208,30.31927
51.503653,31.293167
50.68449345,30.39401
50.68449345,30.39401
48.41294445,37.93
47.25889176,35.70433
47.14224358,36.78975
50.51871679,30.2395
50.60985384,29.95658
50.60119208,30.31927
50.67777669,30.39672017
50.43524305,31.07885
50.67777669,30.39672017
51.37264316,31.27919696
51.34541132,31.27715
51.12484108,31.17381
50.9467213,30.43659
50.59223002,30.22270003
50.6189473,29.70749029
49.19169839,37.27944
50.44338001,30.17201001
50.68449345,30.39401
50.68449345,30.39401
50.67322154,30.39653128
49.37153108,32.16205
50.29399767,36.93624
50.10862,36.27206502
51.59345397,31.40547
51.503653,31.293167
49.41633334,31.90105556
49.07497223,32.65277778
50.60411409,30.31637
50.88415501,31.790276
50.60119208,30.31927
50.50224144,30.77405
49.67728795,32.32187216
50.56433179,30.81914
51.53014488,31.293167
48.54522712,39.30995745
50.29399767,36.93624
51.33787801,32.879963
50.75401082,30.08628283
50.58238055,30.21309488
50.67443773,30.30914
50.60351408,29.78256671
51.52639006,31.36397997
50.44537179,30.17091
50.38084026,30.3215
51.90425832,31.61973592
51.48844003,31.24798004
51.35902214,31.43029
50.61668027,30.5319
50.43318007,30.09858
50.57503952,30.66622725
50.34642492,31.31875615
50.51896026,31.35563
50.77643107,30.98769
50.7887869,29.52878633
50.3892062,30.39438163
50.30982002,30.29556741
50.60060208,30.75764
50.31816606,31.06032
51.503653,31.293167
50.584981,30.235748
51.56030454,31.28428994
50.56907326,30.2651
49.98967,36.208309
50.53636003,30.27817004
50.60489644,30.31909834
51.11370131,30.28459
51.68958096,30.59806006
50.08729001,31.12421998
50.77265274,30.66303
50.53117862,30.23686781
51.07591668,31.66077778
51.51076,31.28682002
50.59736562,30.70918
51.503653,31.293167
51.503653,31.293167
50.29399767,36.93624
50.71329209,30.53957
50.99853028,32.57216959
50.50864677,30.76091516
50.31878855,30.2981
50.31976741,30.29728
50.64550507,29.9201
50.45910918,30.78942985
50.49187423,31.37822
50.39034906,30.22532
50.51871679,30.2395
50.55200299,30.21474
50.68449345,30.39401
50.57438541,30.67858687
50.5888656,30.71759141
49.41891001,31.92314997
50.53143,30.22684999
50.63229888,30.87109847
50.07861194,36.3836601
49.99443298,27.48977487
50.68564103,30.63894965
50.56789272,30.10125
50.68831002,30.00164003
50.64281502,29.93348497
50.0973357,36.38091351
50.60718066,30.47095037
51.503653,31.293167
50.67522562,31.0950616
50.62494002,30.44962002
50.28491178,36.26213
50.56492953,30.52210977
50.3711727,30.37003
48.33393701,37.844245
50.49195977,31.22334222
50.61042001,30.46006002
50.60602297,30.63801599
50.76844,30.65116004
50.62237834,30.44451
50.49886999,30.78270001
50.58216255,30.22476785
48.6569211,24.64756836
50.487315,30.25477497
49.41925266,27.00091835
48.68853282,24.42570048
50.50562157,30.2513847
51.9859636,32.2949746
50.51175178,30.79905024
48.74805573,32.51121
50.584981,30.235748
50.584981,30.235748
48.10464797,32.11166
50.584981,30.235748
50.584981,30.235748
50.513,30.21628997
50.584981,30.235748
48.15482,38.889754
50.68438001,30.38573999
50.29959657,37.02636
49.98375232,27.51185947
50.456615,30.22394499
50.58158999,30.11836998
50.58085453,30.26322
50.80176501,30.12235503
50.55639001,30.27545003
50.50868001,31.02645003
48.3036,32.16
49.40372223,32.04938889
49.02286031,26.57712793
50.37218864,30.36861
50.59618153,30.5689
50.59947469,30.17501
50.71939501,30.248684
50.33305152,30.36868
50.59736562,30.70918
50.55509468,30.6423
50.55509468,30.6423
50.50358084,30.1485
50.75051154,30.66969
50.605363,30.718288
50.58945001,30.25598
50.42180328,30.16344508
48.9130567,24.71529341
50.44537179,30.17091
50.44746128,30.22674
48.60374781,24.53546021
46.62029585,32.58741955
50.584981,30.235748
50.584981,30.235748
50.584981,30.235748
48.86616704,25.20027668
50.42391985,30.16433
50.60351408,29.78394
50.78398723,30.31239
49.97031464,27.07884588
50.56907326,30.2651
50.44746128,30.22674
50.59920129,29.78183
50.62761738,30.91784567
49.01739519,24.30636638
50.79632309,30.36321
50.51433927,30.81189947
49.42027004,27.00009999
49.28175001,31.43075
49.19169839,37.27944
49.35157538,31.87421
50.59192376,30.90444
50.59050002,30.90676001
49.38517839,24.58850002
50.57709307,30.07624
50.58802394,30.497
50.54411267,30.21201
50.48486952,30.89597
50.49444467,31.1707
50.51117999,30.21132998
50.19232503,36.67441376
50.14103869,36.97187517
49.44391668,32.09527778
50.32429493,30.82557498
50.55407001,30.22993001
50.8572013,30.59707
50.55066001,30.13618999
50.25123236,36.94895
50.584981,30.235748
49.08719176,36.87654912
47.04999676,33.05888526
50.43842969,30.16927922
50.71052209,30.22009
50.51092343,29.80774
51.0320943,29.91466
51.01715247,29.69535
50.50224144,30.77405
50.6312,30.43879999
50.60361501,30.45319998
50.59199027,30.90344
50.47029003,30.91749002
50.584981,30.235748
49.435278,32.08637
50.60019862,30.7122699
50.48486952,30.89597
50.19230287,36.67454766
50.37065816,31.07011188
50.55418434,30.21336671
50.68204999,30.72168001
50.44905179,30.08171
50.05056613,36.56442682
50.05133771,36.5663151
50.06891677,36.37267377
49.32448329,31.99172
50.88338297,29.69412662
50.41705305,30.04401
50.85468277,29.73341665
49.62830557,31.61716667
50.78398723,30.31239
50.78713843,30.3026
51.01715247,29.69535
50.56727592,30.31486439
50.29621149,36.95910851
50.62576614,30.90368361
46.600299,33.935818
46.548908,34.142649
49.98967,36.208309
50.55271002,30.27936002
50.71329209,30.53957
50.25443002,31.1639
50.19564419,31.62046
51.02839131,29.91187
50.95643119,29.49520078
50.48436382,29.64025
50.58983003,30.25609999
50.44537179,30.17091
50.494295,31.2802121
50.60729322,30.30004393
49.63254737,30.12892339
50.6059859,30.30622374
50.6630229,29.81011896
50.58509208,29.76384
50.07820552,31.20276
50.62198502,30.43968001
50.29959657,37.02636
48.71341668,30.11494444
49.24156823,30.32279366
50.51370001,30.24873003
50.63344002,30.87568
50.60411409,30.31637
50.62547208,30.20929
51.503653,31.293167
51.503653,31.293167
51.503653,31.293167
50.83970969,29.66452
49.14069404,30.23206
50.56907326,30.2651
51.01633674,30.02151
50.90338175,30.42618035
49.23147223,30.40688889
49.51241668,31.80513889
48.3036,32.16
49.98983015,36.39784138
50.8572013,30.59707
48.99522223,31.26902778
49.3973482,32.08283148
50.78398723,30.31239
49.85728103,36.5113
50.67729317,30.06796665
50.67381209,30.06728
50.4981883,31.25028
50.52513542,31.13037221
50.58085453,30.26322
50.51126297,31.0017
50.27946475,36.94739799
50.6726083,30.07805
50.6535148,30.0809601
50.53754208,30.82461
50.33248118,30.97308828
51.503653,31.293167
48.72948405,33.12230253
50.5481924,30.14032638
50.50334999,30.24447001
51.503653,31.293167
48.59323079,31.36533678
50.83140107,29.52494
50.58536,30.25911001
50.33279644,30.31735537
50.44151487,30.15071924
50.48486952,30.89597
50.56730907,31.15617978
50.73587198,29.85448316
50.75668771,30.35269
50.56492193,30.22476167
51.503653,31.293167
48.60140479,31.31504
50.44245028,30.16905
50.06804157,31.44969
50.68449345,30.39401
51.05059276,29.78076
50.59658711,30.49390723
50.56790394,30.26928411
48.93644445,29.98575
48.9723889,32.05161111
48.60188869,31.31292
50.62237834,30.44451
50.584981,30.235748
50.59192376,30.90444
49.89969233,36.43443
50.51177671,30.84233412
50.60119208,30.31927
50.75668771,30.35269
49.46492261,32.57302
49.01926002,31.37548999
50.57866695,30.21291494
50.62785465,30.91374
50.16384397,36.80864665
50.67285319,30.40285304
50.51871679,30.2395
50.59947469,30.17501
50.40608442,30.39080584
50.48298535,30.90897335
50.05045399,36.81668255
48.43245319,32.31618
50.66718577,30.06619639
50.31704341,30.21681
48.71453359,30.77458
48.66868013,30.75880083
48.32047341,30.47008266
48.31419485,30.45308818
48.91958334,30.35411111
50.51871679,30.2395
50.50224144,30.77405
50.84450154,29.54314
46.66195192,32.88512452
50.36345607,31.32897
50.4981883,31.25028
49.00589748,32.60790834
49.11142089,30.07845208
49.13409761,30.66047271
49.42885884,32.0165063
50.60119208,30.31927
50.71329209,30.53957
50.584981,30.235748
50.584981,30.235748
50.57677999,30.26371
50.60460436,30.31774329
50.45809829,30.79797
50.39036001,30.79043998
49.44075367,32.06368
49.11666445,30.0857
50.54292122,30.22358915
49.98967,36.208309
50.62718,30.91062001
50.495625,30.25031501
50.59923725,30.3204764
48.46093025,31.32006
52.34125111,33.30435169
48.39540726,31.12881771
50.59399385,30.90313
50.75031386,31.01988
50.60393409,30.1765
50.51734967,30.9225163
50.18871436,37.09709
50.53615646,31.09912984
48.7352747,30.21031488
49.25090123,31.94703
49.60353103,31.56788
49.69898914,31.76600612
50.59976066,31.10461818
50.5892357,31.1207695
50.5919267,31.11864
50.51871679,30.2395
50.67324107,30.30914
50.37199,37.33735999
50.64129792,30.43971576
50.6884124,29.8272
50.58390652,30.25086038
50.89197077,29.71480326
50.58477101,30.22115469
50.57605816,30.20966165
51.05231933,29.78058834
50.75031386,31.01988
48.3036,32.16
50.78398723,30.31239
50.45371055,30.22663
50.37492208,35.97799793
50.64550507,29.9201
50.557973,30.33217
51.48766028,31.19223355
48.656103,39.508456
50.61883621,31.00427006
48.3036,32.16
48.55421492,32.8915
47.1697805,33.0470724
50.57365231,30.22321462
50.64706731,30.41156329
50.58128307,30.22115469
50.66343613,29.81279994
50.49444467,31.1707
50.49444467,31.1707
50.42164686,30.04675658
46.752912,33.367888
50.6552199,29.8988596
50.60119208,30.31927
50.51871679,30.2395
50.60119208,30.31927
50.584981,30.235748
50.584981,30.235748
50.47820622,30.18092868
50.63604676,30.54126252
48.76219323,32.84816326
50.60393409,30.1765
50.60393409,30.1765
50.557973,30.33217
50.24649982,31.51229
50.0674277,36.64442103
50.58477848,30.2179014
50.6566117,30.8972121
50.11815382,36.92723818
50.60061775,29.78183
50.83852636,29.65837354
50.89272873,29.71445994
50.11204989,37.11658169
50.56789272,30.10125
50.59550463,30.21248678
50.72932501,30.24052
49.31407146,37.85816
50.58564295,30.21291494
50.49687795,31.25268326
49.03157257,37.11042
48.9630041,30.21973947
48.59642406,31.56663279
48.67283446,31.63458486
50.29306776,36.9373
48.76037556,31.62478913
48.73569111,31.58813112
50.44746128,30.22674
50.67568578,30.06642
50.93841904,29.90822
50.64550507,29.9201
50.21168594,36.74551832
50.20103876,36.73275414
50.0003562,36.39497304
50.60531252,30.31791495
50.92472302,29.64720329
50.1643327,36.8102488
50.10816552,36.82925
50.04407941,37.02842552
47.01878,34.920875
50.58337468,30.0105
50.64266001,29.88637
50.5990435,29.7754571
50.2618882,36.42463925
50.07724737,36.25742761
50.62820466,30.4431
50.92355169,29.52109
50.49837581,31.1586837
50.53982629,30.1606031
50.53427352,31.17429646
50.16317177,37.13716
50.90977136,30.33296
50.73087423,30.33362006
49.3023889,32.00788889
52.33775087,33.29218
49.06194445,32.01675
50.35164326,30.95076
50.56907326,30.2651
50.49709634,31.25028
50.26203105,36.89707
50.52878038,30.23807775
50.00905284,36.3652422
50.19299419,36.43535
50.00638452,36.59310403
50.57693468,30.11446
49.42865053,32.0294257
50.52477816,30.21102876
50.72947667,30.24188
49.15166145,37.0789
50.55200299,30.21474
49.99548104,36.41348
51.04951363,29.77904339
50.55096682,30.19946214
50.29948002,36.92509
49.8705233,36.406272
50.84450154,29.54314
50.56559003,31.15290001
50.60119208,30.31927
50.65247524,30.41391
50.58307549,30.48582
50.55840922,30.32393025
50.95423211,29.47874
50.76353475,30.33833168
50.67038157,30.04039735
50.584981,30.235748
50.56789272,30.10125
50.54411267,30.21201
50.50224144,30.77405
50.32155151,37.41448
51.52604333,32.42750301
48.71633334,30.26963889
50.566476,30.105297
48.814425,36.96518001
48.70067006,29.97755203
50.28547001,36.99588003
50.73845912,30.29722271
50.55172003,30.27900002
50.60068247,30.3336522
50.64956426,31.04387
50.63306106,30.87539
46.859346,36.68457
50.64550507,29.9201
50.51456903,30.2350368
51.05084964,30.12530361
49.10827779,30.72508333
50.58171908,30.21119833
50.5607196,30.24670978
50.58634532,30.47174377
50.44649816,30.1053848
50.56451591,30.31637715
50.84807096,30.06876006
49.004341,37.00116
50.4981883,31.25028
50.66918563,30.74025
50.62049003,31.06582997
49.03814925,30.1052519
49.25824624,31.88058407
50.22815142,36.91633215
51.05203312,30.12279
50.54570002,31.09332999
50.54199423,30.18220218
50.63854834,30.02227
50.55200299,30.21474
50.720245,30.33771001
50.16164461,36.80796
50.63337558,30.8751544
50.54693,30.26419003
48.98491668,30.20988889
50.59192376,30.90444
50.31501001,30.37338997
50.58466502,30.26015502
49.97683002,36.36837003
50.62554834,30.91261
48.94618341,31.44105628
49.09337807,29.65684159
50.08389939,36.38675
50.71979001,30.32919001
50.62547208,30.20929
50.65648147,30.89387991
50.6364105,30.26349127
50.55398,30.29532
50.55124501,30.239205
50.9428599,29.878981
50.584981,30.235748
50.51871679,30.2395
48.40728701,37.913098
49.1301389,32.64788889
46.761118,32.4052964
50.64638379,29.94203
50.06371126,36.1335
50.49534916,31.24684677
50.49107263,31.30735114
50.1220285,37.03701311
50.08336023,37.02887525
50.42880295,30.21798574
50.54162155,30.1594
50.51132001,30.21621998
50.41523,30.20689
50.64555483,30.17043125
50.59501394,30.2574425
50.79632309,30.36321
50.68449345,30.39401
50.60693902,30.3062141
50.13220657,37.09745606
50.36070017,30.23134143
50.59190501,30.22068502
50.60119208,30.31927
50.69015345,29.99471
50.5927885,30.2229982
50.58085453,30.26322
50.54363003,30.22726004
50.56907326,30.2651
50.56233504,30.30745076
50.60487673,30.31842994
50.78485548,30.2928206
50.57866695,30.21377325
50.55418434,30.21568414
50.10409002,36.21276997
48.32429101,37.837873
50.41972999,30.03172004
49.32302779,31.82697222
50.584981,30.235748
50.56325344,30.31278
50.51434001,30.19957
49.23175006,37.31075
48.33469641,37.8247492
50.65881515,31.00549
50.56630002,30.27272004
50.78281002,30.31422002
50.25123236,36.94895
50.83209107,30.11301
49.42930557,32.06997222
50.6884124,29.8272
50.68449345,30.39401
50.62069002,30.15968002
50.41637,30.03225497
50.59503589,30.25750658
50.4444465,30.1570594
48.96325902,30.33579
49.28948789,31.44023
50.474515,30.1966483
50.6181797,30.29686477
50.61453255,30.30988455
50.29908339,36.92485086
50.53497314,30.8159934
49.02451189,37.31455773
49.0192817,37.32436
50.61805573,30.20902911
50.60498568,30.31894492
50.56233504,30.30916738
50.59867106,31.10032665
50.47437176,30.19653558
50.89651107,29.50009
50.48147583,31.25733905
50.97300634,29.51150358
50.65022384,30.41019
50.5685146,30.313523
50.6022389,30.3248407
50.60119208,30.31927
50.61365412,30.30133735
48.65536881,37.79619598
50.24220177,36.90461
50.49444467,31.1707
49.04489101,37.21628
50.30671151,37.12839
50.24409553,36.89156374
52.33061804,33.27467054
50.50590619,30.77631
49.02428803,37.32973539
49.43881001,32.028051
50.29399767,36.93624
49.31625146,32.02353
48.34870901,37.849479
50.56747,30.10916244
48.69580557,30.07455556
50.58466502,30.26015502
50.584981,30.235748
48.39954801,37.925195
50.39070128,36.19071
50.29991178,36.85015
47.20966988,33.57803963
49.44075367,32.06368
49.76075001,31.25908333
47.21004701,33.57793237
49.04489101,37.21628
48.41185701,37.92947
50.34957442,37.26285168
50.41222213,30.16838743
50.30661382,37.02567335
50.20978358,36.42087
50.81763085,29.5932282
49.03157257,37.11042
50.29143675,36.94108
50.64739385,30.41053332
50.76242599,29.68635389
46.59374258,32.18022625
46.91232093,32.9937
46.91232093,32.9937
47.15178,32.981354
50.29399767,36.93624
50.29399767,36.93624
50.29970001,36.92295999
46.94314054,33.37085514
50.28210002,36.94038002
50.28266002,36.94367997
50.28230379,36.94191157
50.5450627,30.15305
50.07701301,36.62365
50.57096002,30.27188001
48.158511,38.934724
50.13672126,36.76993
47.22755322,33.19260257
50.29399767,36.93624
50.61362056,30.91760619
49.33772083,37.21516097
49.033455,37.132344
46.74846355,33.2212955
46.98063,33.46467
46.428033,34.248819
46.649035,32.61804041
46.41343,33.875225
46.65228,32.60796998
50.29399767,36.93624
46.87411965,33.49266272
49.03229749,37.11248232
46.803607,33.522536
46.61626684,32.11937372
50.08344043,36.33534696
50.08300986,36.33603851
47.185427,36.233674
49.03986,37.21934
46.803397,33.522623
47.180694,33.93255
46.484289,33.111291
50.30017501,37.03264
50.29959657,37.02636
46.61627736,32.11929407
47.11282732,32.99390644
47.152685,35.683248
46.63926932,32.36929724
50.30255101,37.02616926
47.53603325,35.35724608
47.13777,35.820881
46.65797352,32.61498519
50.0429715,37.01733
47.137734,35.821014
46.84307718,33.40113862
49.47321,36.92855
46.72071062,32.56082162
46.76313699,32.57265114
49.1899287,37.05068906
49.02025991,37.3211794
50.28277104,36.2463598
47.55302334,33.54525386
50.28527105,36.23849
50.28527105,36.23849
50.28527105,36.23849
50.26034105,36.25418
50.26068105,36.4273
50.15640001,36.41839004
46.8078369,32.2680781
46.8078369,32.2680781
46.8078369,32.2680781
49.47257432,36.8466381
46.69129798,32.55919092
49.46778793,36.8642348
50.24138826,36.40484826
49.11605959,36.89886153
46.7096397,32.68386899
46.66961999,32.65927
50.30064614,36.91539793
46.866918,34.04536
46.708551,34.554576
46.62889001,32.58072
32.45972201,52.284866
46.627474,32.768097
46.68415561,32.71708037
46.68355999,32.71888
47.479672,34.353308
50.15631164,36.72152712
46.63184002,32.62122001
49.39707265,36.92614062
50.29839037,37.03232523
50.22307378,36.40920256
49.49648884,36.81666665
46.62070218,32.25542767
46.76932657,33.0503308
49.89874441,36.05706043
50.32883409,36.9292877
47.414203,34.583338
47.429821,34.860965
49.03080819,37.32930386
46.62285,32.611706
46.251052,33.306827
48.108676,39.08109
49.46934007,36.87009858
46.721555,36.365321
50.28947798,36.93821703
50.29652,36.93486003
47.476346,34.770138
47.005523,33.714167
47.002268,33.480612
49.12546806,37.29900463
49.39714261,36.86602
50.08389939,36.38675
50.08389939,36.38675
46.024275,33.801372
50.0429715,37.01733
46.344952,32.423457
49.60685863,36.97033
47.43585926,33.70596143
50.16611177,36.42464
47.41376727,33.71214878
50.29399767,36.93624
50.11911676,36.78827508
50.29399767,36.93624
46.661605,32.677946
50.08389939,36.38675
50.04784267,36.66406
50.16164461,36.80796
50.11999653,36.41536
49.84482059,36.691
50.04660266,36.68717725
50.20198378,36.68338
50.19341256,36.67617022
50.20198378,36.68338
50.19330267,36.67599856
50.20198378,36.68338
50.18718988,36.66510555
50.19250144,36.67419288
50.16611177,36.42464
48.459068,38.83357
50.0940062,36.45820834
50.07863922,36.52732439
50.11779515,36.41965153
48.474026,38.794203
48.474232,38.802959
50.26068105,36.4273
46.817556,33.482679
50.14268723,36.37939903
46.717612,32.580985
51.37480197,31.4241352
50.21222536,37.11499983
51.4899769,31.3548439
46.542881,33.283575
46.636415,32.488113
46.625271,32.448794
46.762471,33.22082
46.365225,33.53359
51.4865855,31.3235301
46.759908,32.537586
46.6287257,32.7357253

